production_case_id,source_case_id,particle_material,substrate_material,pair,impact_velocity_m_s,velocity_level_index,qualified_velocity_min_m_s,qualified_velocity_max_m_s,solve_reuse,case_gate_decision,ml_candidate,constitutive_review_flags,terminal_particle_volume_weighted_velocity_m_s,terminal_velocity_class,particle_axial_flattening_percent,normalized_crater_depth,particle_peeqvavg_p95,particle_peeqvavg_max,substrate_peeq_p95,substrate_peeq_max,maximum_peeq,particle_temperature_p95_k,particle_temperature_max_k,substrate_temperature_p95_k,substrate_temperature_max_k,particle_temperature_max_over_melt,substrate_temperature_max_over_melt,maximum_temperature_over_melt,peak_contact_pressure_pa,initial_kinetic_energy_j,final_allae_over_allie,eulerian_allae_over_allie,substrate_allae_over_allie,etotal_drift_over_initial_ke,final_over_initial_particle_material_volume,particle_material_volume_relative_change_abs,endpoint_over_first_boundary_return,terminal_time_s,frame_count,odb_file
MMCELP4_AL6061_SS304_V00,MMCELP3_AL6061_SS304_LOW_EPD24_T080_DOM15_EBOT15,Al6061,SS304,Al6061->SS304,500.0,0,500.0,725.0,True,PASS_CEL_P4_CASE,True,,18.043974421140515,REBOUND,45.920668854891936,0.024273874714708654,1.668180227279663,1.7134981155395508,0.004686838015913963,0.18768693506717682,1.7134981155395508,538.6525268554688,573.2646484375,298.6788635253906,346.1105651855469,0.6197455658783784,0.20359445010914523,0.6197455658783784,4404755456.0,6.905853524585837e-07,0.03590390860454508,0.03810277429681367,0.008793546615972229,0.00954991338314742,1.0012090316133684,0.0012090316133683832,0.6143839293152475,7.999999951380232e-08,41,jobs/verification/CEL_P3/MMCELP3_AL6061_SS304_LOW_EPD24_T080_DOM15_EBOT15.odb
MMCELP4_AL6061_SS304_V01,MMCELP4_AL6061_SS304_V01_EPD24_T080_DOM15_EBOT15,Al6061,SS304,Al6061->SS304,522.5,1,500.0,725.0,False,PASS_CEL_P4_CASE,True,,21.591865991018583,REBOUND,50.10490815246885,0.02663236500666244,1.7879618406295776,1.8270968198776245,0.005771396216005087,0.20227327942848206,1.8270968198776245,550.207275390625,581.5857543945312,298.8480529785156,350.8030090332031,0.628741356102196,0.20635471119600185,0.628741356102196,4573826560.0,7.541364652752236e-07,0.036296548610287256,0.03878299031383051,0.008084527277615241,0.010118106636594855,1.001565172598452,0.0015651725984520137,0.6143839293152475,7.999999951380232e-08,41,jobs/production/CEL_P4/MMCELP4_AL6061_SS304_V01_EPD24_T080_DOM15_EBOT15.odb
MMCELP4_AL6061_SS304_V02,MMCELP4_AL6061_SS304_V02_EPD24_T080_DOM15_EBOT15,Al6061,SS304,Al6061->SS304,545.0,2,500.0,725.0,False,PASS_CEL_P4_CASE,True,,26.525303023965247,REBOUND,53.78097508895565,0.02951706846943125,1.8031163215637207,1.9490958452224731,0.0069258143194019794,0.22091710567474365,1.9490958452224731,561.9680786132812,587.7904663085938,299.034423828125,357.0417175292969,0.6354491527660473,0.2100245397231158,0.6354491527660473,4463964160.0,8.204844448300719e-07,0.0369046712378017,0.03972154240243578,0.007394417225416797,0.0106103491623837,1.000992534811372,0.000992534811371959,0.6143839293152475,7.999999951380232e-08,41,jobs/production/CEL_P4/MMCELP4_AL6061_SS304_V02_EPD24_T080_DOM15_EBOT15.odb
MMCELP4_AL6061_SS304_V03,MMCELP4_AL6061_SS304_V03_EPD24_T080_DOM15_EBOT15,Al6061,SS304,Al6061->SS304,567.5,3,500.0,725.0,False,PASS_CEL_P4_CASE,True,,32.4137395448175,REBOUND,57.499741600714984,0.031680046959081665,1.6531122922897339,1.9172301292419434,0.008199622854590416,0.24284115433692932,1.9172301292419434,566.1370849609375,580.0794677734375,299.2403259277344,364.5654602050781,0.6271129381334459,0.2144502707088695,0.6271129381334459,4873634816.0,8.896292911231285e-07,0.03727909866357484,0.04042843184669387,0.006753394366596848,0.011108701536127481,1.0006398311429998,0.0006398311429998138,0.6143839293152475,7.999999951380232e-08,41,jobs/production/CEL_P4/MMCELP4_AL6061_SS304_V03_EPD24_T080_DOM15_EBOT15.odb
MMCELP4_AL6061_SS304_V04,MMCELP4_AL6061_SS304_V04_EPD24_T080_DOM15_EBOT15,Al6061,SS304,Al6061->SS304,590.0,4,500.0,725.0,False,PASS_CEL_P4_CASE,True,,38.05064691090263,REBOUND,61.24506574612736,0.034450238217687,1.7630763053894043,1.8986313343048096,0.009526723995804787,0.26078659296035767,1.8986313343048096,556.4984741210938,584.3697509765625,299.4627990722656,370.8575134277344,0.6317510821368243,0.21815147848690258,0.6317510821368243,5088556032.0,9.615710041543934e-07,0.03802221234768261,0.041547735570325366,0.006228317888808882,0.011654966595208267,1.0005643421367054,0.0005643421367054202,0.6143839293152475,7.999999951380232e-08,41,jobs/production/CEL_P4/MMCELP4_AL6061_SS304_V04_EPD24_T080_DOM15_EBOT15.odb
MMCELP4_AL6061_SS304_V05,MMCELP4_AL6061_SS304_V05_EPD24_T080_DOM15_EBOT15,Al6061,SS304,Al6061->SS304,612.5,5,500.0,725.0,False,PASS_CEL_P4_CASE,True,,42.47747075793358,REBOUND,64.34410045167118,0.037825541312486166,1.8607378005981445,1.893905520439148,0.011160856112837791,0.27757298946380615,1.893905520439148,561.0361938476562,590.1805419921875,299.73095703125,376.88214111328125,0.6380330183699324,0.22169537712545956,0.6380330183699324,5760931840.0,1.0363096407672856e-06,0.038788942116315825,0.04272287467720445,0.005850964342382058,0.012135076654252614,1.0010364731612509,0.0010364731612508837,0.6143839293152475,7.999999951380232e-08,41,jobs/production/CEL_P4/MMCELP4_AL6061_SS304_V05_EPD24_T080_DOM15_EBOT15.odb
MMCELP4_AL6061_SS304_V06,MMCELP4_AL6061_SS304_V06_EPD24_T080_DOM15_EBOT15,Al6061,SS304,Al6061->SS304,635.0,6,500.0,725.0,False,PASS_CEL_P4_CASE,True,,44.56743548437754,REBOUND,66.81030585142365,0.04109926521778107,1.9218974113464355,1.9462480545043945,0.012812982313334942,0.29566124081611633,1.9462480545043945,567.2047119140625,596.7991943359375,300.0112609863281,383.44488525390625,0.6451883182010135,0.22555581485523898,0.6451883182010135,6028742656.0,1.1138450872749672e-06,0.039558502371825635,0.043891332869391515,0.005701188479711465,0.012607623282913932,1.0017391737580323,0.0017391737580323419,0.6143839293152475,7.999999951380232e-08,41,jobs/production/CEL_P4/MMCELP4_AL6061_SS304_V06_EPD24_T080_DOM15_EBOT15.odb
MMCELP4_AL6061_SS304_V07,MMCELP4_AL6061_SS304_V07_EPD24_T080_DOM15_EBOT15,Al6061,SS304,Al6061->SS304,657.5,7,500.0,725.0,False,PASS_CEL_P4_CASE,True,,43.51825159373853,REBOUND,68.99199382474796,0.04340738541941391,1.939573884010315,2.034518003463745,0.014527679421007633,0.32238250970840454,2.034518003463745,576.2318725585938,602.6187744140625,300.3103942871094,393.27911376953125,0.6514797561233108,0.2313406551585478,0.6514797561233108,6811379200.0,1.194177457364276e-06,0.04019473689621134,0.04494125246785107,0.005292381950304325,0.01316391243949027,1.0023844395634833,0.0023844395634833315,0.6143839293152475,7.999999951380232e-08,41,jobs/production/CEL_P4/MMCELP4_AL6061_SS304_V07_EPD24_T080_DOM15_EBOT15.odb
MMCELP4_AL6061_SS304_V08,MMCELP4_AL6061_SS304_V08_EPD24_T080_DOM15_EBOT15,Al6061,SS304,Al6061->SS304,680.0,8,500.0,725.0,False,PASS_CEL_P4_CASE,True,,40.174056093495324,REBOUND,71.01435262335012,0.047226531023625284,1.9300637245178223,2.191009998321533,0.01644693873822689,0.33808183670043945,2.191009998321533,593.1074829101562,613.158935546875,300.65576171875,399.4102478027344,0.6628745249155406,0.23494720458984375,0.6628745249155406,7541570560.0,1.2773066373483744e-06,0.0409604216379731,0.046155872107294146,0.00515448446803434,0.013803982943769767,1.0025199169127768,0.002519916912776754,0.6143839293152475,7.999999951380232e-08,41,jobs/production/CEL_P4/MMCELP4_AL6061_SS304_V08_EPD24_T080_DOM15_EBOT15.odb
MMCELP4_AL6061_SS304_V09,MMCELP4_AL6061_SS304_V09_EPD24_T080_DOM15_EBOT15,Al6061,SS304,Al6061->SS304,702.5,9,500.0,725.0,False,PASS_CEL_P4_CASE,True,,35.874474877651444,REBOUND,72.91980821485562,0.05059017439634772,1.9907753467559814,2.3151023387908936,0.018557535484433174,0.3551936447620392,2.3151023387908936,603.5105590820312,633.0687255859375,301.0162048339844,406.0269775390625,0.6843986222550675,0.2388393985523897,0.6843986222550675,7978577408.0,1.3632327409140998e-06,0.04183754213248403,0.04751207513162762,0.005063373795253556,0.014456862335317747,1.001477719725434,0.0014777197254340901,0.6143839293152475,7.999999951380232e-08,41,jobs/production/CEL_P4/MMCELP4_AL6061_SS304_V09_EPD24_T080_DOM15_EBOT15.odb
MMCELP4_AL6061_SS304_V10,MMCELP3_AL6061_SS304_MID_EPD24_T080_DOM15_EBOT15,Al6061,SS304,Al6061->SS304,725.0,10,500.0,725.0,True,PASS_CEL_P4_CASE,True,,31.444728681368595,REBOUND,74.430824804356,0.053730568652099464,2.1979613304138184,2.3598601818084717,0.020744603127241135,0.3865893483161926,2.3598601818084717,610.4212036132812,641.3214721679688,301.4239196777344,419.06353759765625,0.6933205104518582,0.24650796329273897,0.6933205104518582,8295150080.0,1.4519556543746148e-06,0.04310931450774692,0.04934736964827875,0.005070144590629162,0.01529894170137862,1.0007087651923976,0.0007087651923975979,0.6143839293152475,7.999999951380232e-08,41,jobs/verification/CEL_P3/MMCELP3_AL6061_SS304_MID_EPD24_T080_DOM15_EBOT15.odb
MMCELP4_CU_CU_V00,MMCELP3_CU_CU_LOW_EPD24_T080_DOM15_EBOT15,Cu,Cu,Cu->Cu,300.0,0,300.0,850.0,True,PASS_CEL_P4_CASE,True,,23.451065782531632,REBOUND,30.97533646372405,0.17695578208076768,0.9555360078811646,1.0809519290924072,0.1418847292661667,1.593936562538147,1.593936562538147,410.7657165527344,433.5928039550781,308.7518005371094,490.9577941894531,0.319758704981621,0.36206327005121913,0.36206327005121913,4025972992.0,8.250192422565306e-07,0.02914597998954726,0.04601889539289717,0.015146179221607619,0.0022019593366135013,1.0002792200165598,0.000279220016559778,0.4923003427517237,7.999999951380232e-08,41,jobs/verification/CEL_P3/MMCELP3_CU_CU_LOW_EPD24_T080_DOM15_EBOT15.odb
MMCELP4_CU_CU_V01,MMCELP4_CU_CU_V01_EPD24_T080_DOM15_EBOT15,Cu,Cu,Cu->Cu,355.0,1,300.0,850.0,False,PASS_CEL_P4_CASE,True,,27.812176390067144,REBOUND,34.41923506462904,0.22774567696615122,1.1063930988311768,1.3112677335739136,0.21143202483654022,2.1794183254241943,2.1794183254241943,439.9275207519531,468.7227783203125,315.32489013671875,571.447021484375,0.34566576572294433,0.4214211072893621,0.4214211072893621,7086087680.0,1.1552560863492545e-06,0.03120191444946239,0.0534950801624653,0.01609602857099458,0.003017987077016338,1.0003767333319882,0.00037673333198817716,0.4923003427517237,7.999999951380232e-08,41,jobs/production/CEL_P4/MMCELP4_CU_CU_V01_EPD24_T080_DOM15_EBOT15.odb
MMCELP4_CU_CU_V02,MMCELP4_CU_CU_V02_EPD24_T080_DOM15_EBOT15,Cu,Cu,Cu->Cu,410.0,2,300.0,850.0,False,PASS_CEL_P4_CASE,True,,29.120214472964573,REBOUND,37.73277714641386,0.28203641704749316,1.272550344467163,1.5044366121292114,0.2848927080631256,2.6668031215667725,2.6668031215667725,468.0964050292969,513.696044921875,322.74102783203125,636.7523193359375,0.37883189153530605,0.46958135644243176,0.46958135644243176,14053585920.0,1.5409526668008766e-06,0.03295172932192206,0.06123515473609486,0.016315030292811394,0.003915860892909537,1.0003439456200571,0.0003439456200571289,0.4923003427517237,7.999999951380232e-08,41,jobs/production/CEL_P4/MMCELP4_CU_CU_V02_EPD24_T080_DOM15_EBOT15.odb
MMCELP4_CU_CU_V03,MMCELP4_CU_CU_V03_EPD24_T080_DOM15_EBOT15,Cu,Cu,Cu->Cu,465.0,3,300.0,850.0,False,PASS_CEL_P4_CASE,True,,30.943849284549174,REBOUND,40.681998957091935,0.33812932088039815,1.4287939071655273,1.671579360961914,0.3659149706363678,3.0481927394866943,3.0481927394866943,489.548828125,550.9423828125,331.3464660644531,686.5767822265625,0.4062996923396018,0.5063250606390579,0.5063250606390579,9065197568.0,1.9821088699245593e-06,0.035704616121899124,0.06924396376702895,0.01802389379844933,0.004902375213179791,1.0002039026919431,0.00020390269194314747,0.4923003427517237,7.999999951380232e-08,41,jobs/production/CEL_P4/MMCELP4_CU_CU_V03_EPD24_T080_DOM15_EBOT15.odb
MMCELP4_CU_CU_V04,MMCELP4_CU_CU_V04_EPD24_T080_DOM15_EBOT15,Cu,Cu,Cu->Cu,520.0,4,300.0,850.0,False,PASS_CEL_P4_CASE,True,,33.49750956958791,REBOUND,42.096496734127015,0.39495836972491816,1.5700541734695435,1.8113410472869873,0.45400765538215637,3.444002628326416,3.444002628326416,512.8462524414062,584.4381713867188,341.27471923828125,736.077880859375,0.4310016013176392,0.5428302956190081,0.5428302956190081,10304609280.0,2.4787245820334647e-06,0.03856521517593405,0.07807629812544989,0.01948654197877119,0.006252874592282599,1.0002658924595202,0.000265892459520245,0.4923003427517237,7.999999951380232e-08,41,jobs/production/CEL_P4/MMCELP4_CU_CU_V04_EPD24_T080_DOM15_EBOT15.odb
MMCELP4_CU_CU_V05,MMCELP3_CU_CU_MID_EPD24_T080_DOM15_EBOT15,Cu,Cu,Cu->Cu,575.0,5,300.0,850.0,True,PASS_CEL_P4_CASE,True,,35.87791412256284,REBOUND,41.43419130487329,0.4523328607319854,1.70257568359375,1.911607265472412,0.5468625426292419,3.8085405826568604,3.8085405826568604,532.1619262695312,600.699951171875,352.0181579589844,779.786865234375,0.4429940642860435,0.5750640599073562,0.5750640599073562,14577115136.0,3.0307999168144306e-06,0.0411509391139417,0.08558830184485995,0.02143009326655408,0.007291667213694876,1.000413704479857,0.0004137044798568912,0.4923003427517237,7.999999951380232e-08,41,jobs/verification/CEL_P3/MMCELP3_CU_CU_MID_EPD24_T080_DOM15_EBOT15.odb
MMCELP4_CU_CU_V06,MMCELP4_CU_CU_V06_EPD24_T080_DOM15_EBOT15,Cu,Cu,Cu->Cu,630.0,6,300.0,850.0,False,PASS_CEL_P4_CASE,True,,37.84728553709725,REBOUND,38.59387581953518,0.5100997441331856,1.8036293983459473,2.066568374633789,0.6388731002807617,4.019776344299316,4.019776344299316,549.2127685546875,610.6246948242188,363.14825439453125,804.2699584960938,0.4503131967730227,0.5931194384189482,0.5931194384189482,16229382144.0,3.638334874267457e-06,0.043145269631951734,0.0916319394043733,0.023135540916573903,0.008075209638856598,1.0007597753249824,0.0007597753249823924,0.4923003427517237,7.999999951380232e-08,41,jobs/production/CEL_P4/MMCELP4_CU_CU_V06_EPD24_T080_DOM15_EBOT15.odb
MMCELP4_CU_CU_V07,MMCELP4_CU_CU_V07_EPD24_T080_DOM15_EBOT15,Cu,Cu,Cu->Cu,685.0,7,300.0,850.0,False,PASS_CEL_P4_CASE,True,,39.07568426236323,REBOUND,34.334759829016825,0.5688592500519007,1.8953378200531006,2.2048239707946777,0.7397428154945374,4.2041120529174805,4.2041120529174805,563.8683471679688,623.776123046875,375.6871032714844,825.1095581054688,0.46001189015256266,0.6084878747090477,0.6084878747090477,17889632256.0,4.3013296817662194e-06,0.0455142835519857,0.09929732338353639,0.02486956770371369,0.008736907853532887,1.0007556225000154,0.0007556225000153738,0.4923003427517237,7.999999951380232e-08,41,jobs/production/CEL_P4/MMCELP4_CU_CU_V07_EPD24_T080_DOM15_EBOT15.odb
MMCELP4_CU_CU_V08,MMCELP4_CU_CU_V08_EPD24_T080_DOM15_EBOT15,Cu,Cu,Cu->Cu,740.0,8,300.0,850.0,False,PASS_CEL_P4_CASE,True,,40.81829240866014,REBOUND,29.613843304041076,0.6292339821811765,1.971268892288208,2.3506662845611572,0.8363637924194336,4.428956031799316,4.428956031799316,572.3997802734375,631.1611328125,387.9222717285156,849.6636962890625,0.46545806254609146,0.626595646230872,0.626595646230872,17817989120.0,5.0197836571896914e-06,0.04724575061173627,0.10706736095300722,0.025870358261323247,0.009447285127372342,1.000720676090769,0.0007206760907689791,0.4923003427517237,7.999999951380232e-08,41,jobs/production/CEL_P4/MMCELP4_CU_CU_V08_EPD24_T080_DOM15_EBOT15.odb
MMCELP4_CU_CU_V09,MMCELP4_CU_CU_V09_EPD24_T080_DOM15_EBOT15,Cu,Cu,Cu->Cu,795.0,9,300.0,850.0,False,PASS_CEL_P4_CASE,True,,41.39951039581093,REBOUND,25.415885007325752,0.6893528916407377,2.06144118309021,2.455312490463257,0.9399709701538086,4.675248622894287,4.675248622894287,583.3896484375,649.0888061523438,401.367919921875,875.2357788085938,0.4786790605843243,0.6454541141656296,0.6454541141656296,18101176320.0,5.793697710032575e-06,0.048106481808737465,0.11418812240790778,0.02602902798632543,0.010091459691144977,1.0006317821193278,0.000631782119327795,0.4923003427517237,7.999999951380232e-08,41,jobs/production/CEL_P4/MMCELP4_CU_CU_V09_EPD24_T080_DOM15_EBOT15.odb
MMCELP4_CU_CU_V10,MMCELP3_CU_CU_HIGH_EPD24_T080_DOM15_EBOT15,Cu,Cu,Cu->Cu,850.0,10,300.0,850.0,True,PASS_CEL_P4_CASE,True,,40.658572471720156,REBOUND,22.011275135291985,0.7496530452044681,2.13987135887146,2.5995640754699707,1.0341142416000366,4.928600788116455,4.928600788116455,596.203125,666.5433959960938,413.6695861816406,901.2720947265625,0.4915511769882697,0.6646549371139842,0.6646549371139842,21233633280.0,6.623071385547519e-06,0.04947432122027528,0.12053402058747416,0.027162840386614803,0.010570993927063238,1.0004599943033585,0.0004599943033585241,0.4923003427517237,7.999999951380232e-08,41,jobs/verification/CEL_P3/MMCELP3_CU_CU_HIGH_EPD24_T080_DOM15_EBOT15.odb
MMCELP4_INCONEL718_TI6AL4V_V00,MMCELP3_INCONEL718_TI6AL4V_LOW_EPD24_T080_DOM15_EBOT15,Inconel718,Ti6Al4V,Inconel718->Ti6Al4V,500.0,0,500.0,1150.0,True,PASS_CEL_P4_CASE,True,,90.86814415582843,REBOUND,20.313833565569617,0.14278424714575522,0.5455921292304993,0.6195110082626343,0.0747755840420723,0.700563907623291,0.700563907623291,545.4852294921875,578.3363647460938,338.0237731933594,744.9688720703125,0.35943838703921305,0.3863946431899961,0.3863946431899961,5901877248.0,2.0947754819644615e-06,0.011655194085881589,0.019939268574781573,0.004266152363959222,7.598025381746504e-07,0.9995223230610872,0.0004776769389127633,0.6734279485205487,7.999999951380232e-08,41,jobs/verification/CEL_P3/MMCELP3_INCONEL718_TI6AL4V_LOW_EPD24_T080_DOM15_EBOT15.odb
MMCELP4_INCONEL718_TI6AL4V_V01,MMCELP4_INCONEL718_TI6AL4V_V01_EPD24_T080_DOM15_EBOT15,Inconel718,Ti6Al4V,Inconel718->Ti6Al4V,565.0,1,500.0,1150.0,False,PASS_CEL_P4_CASE,True,,109.5983702402537,REBOUND,22.206872388233222,0.17103058780776337,0.60349440574646,0.6874430179595947,0.10156752914190292,1.004357933998108,1.004357933998108,572.10498046875,612.9817504882812,353.0909729003906,954.5123901367188,0.38097063423758937,0.49507904052734375,0.49507904052734375,6175411712.0,2.6748186883196468e-06,0.012575614655839652,0.024574243427750702,0.0037572584701976823,0.00013481835267103973,0.9994252543716476,0.0005747456283523578,0.6734279485205487,7.999999951380232e-08,41,jobs/production/CEL_P4/MMCELP4_INCONEL718_TI6AL4V_V01_EPD24_T080_DOM15_EBOT15.odb
MMCELP4_INCONEL718_TI6AL4V_V02,MMCELP4_INCONEL718_TI6AL4V_V02_EPD24_T080_DOM15_EBOT15,Inconel718,Ti6Al4V,Inconel718->Ti6Al4V,630.0,2,500.0,1150.0,False,PASS_CEL_P4_CASE,True,,128.2459746782076,REBOUND,23.25385311384998,0.20161178326816298,0.6247341632843018,0.7157571315765381,0.13695593178272247,1.5392282009124756,1.5392282009124756,585.6681518554688,625.3604736328125,373.46533203125,1288.851806640625,0.3886640606791874,0.668491600954681,0.668491600954681,9216011264.0,3.3256656024605036e-06,0.01263748922395657,0.026977012975597764,0.004270438131503664,0.0004454264717464929,0.9996079657076666,0.0003920342923333653,0.6734279485205487,7.999999951380232e-08,41,jobs/production/CEL_P4/MMCELP4_INCONEL718_TI6AL4V_V02_EPD24_T080_DOM15_EBOT15.odb
MMCELP4_INCONEL718_TI6AL4V_V03,MMCELP4_INCONEL718_TI6AL4V_V03_EPD24_T080_DOM15_EBOT15,Inconel718,Ti6Al4V,Inconel718->Ti6Al4V,695.0,3,500.0,1150.0,False,PASS_CEL_P4_CASE,True,,144.67032688755506,REBOUND,23.813449846296116,0.2348593443457503,0.6454243659973145,0.7221910953521729,0.18119508028030396,2.158271074295044,2.158271074295044,593.3624877929688,634.4721069335938,399.65277099609375,1579.49072265625,0.3943269775845828,0.8192379266889264,0.8192379266889264,7953964032.0,4.047315542266006e-06,0.013484830825155747,0.0319893586488548,0.004897799256504398,0.00042156635495999446,0.9998202349643065,0.0001797650356935021,0.6734279485205487,7.999999951380232e-08,41,jobs/production/CEL_P4/MMCELP4_INCONEL718_TI6AL4V_V03_EPD24_T080_DOM15_EBOT15.odb
MMCELP4_INCONEL718_TI6AL4V_V04,MMCELP4_INCONEL718_TI6AL4V_V04_EPD24_T080_DOM15_EBOT15,Inconel718,Ti6Al4V,Inconel718->Ti6Al4V,760.0,4,500.0,1150.0,False,PASS_CEL_P4_CASE,True,,159.13038300074746,REBOUND,24.394237778143186,0.2725175909290556,0.6580291986465454,0.7535204291343689,0.22901901602745056,2.80100679397583,2.80100679397583,604.561279296875,645.3873291015625,428.85650634765625,1764.7451171875,0.40111083225703076,0.9153242309063797,0.9153242309063797,8390772224.0,4.839769189857179e-06,0.01573380073406765,0.03802167526308524,0.006966549383843788,0.00018209553626336765,0.9999253045687575,7.469543124249967e-05,0.6734279485205487,7.999999951380232e-08,41,jobs/production/CEL_P4/MMCELP4_INCONEL718_TI6AL4V_V04_EPD24_T080_DOM15_EBOT15.odb
MMCELP4_INCONEL718_TI6AL4V_V05,MMCELP3_INCONEL718_TI6AL4V_MID_EPD24_T080_DOM15_EBOT15,Inconel718,Ti6Al4V,Inconel718->Ti6Al4V,825.0,5,500.0,1150.0,True,PASS_CEL_P4_CASE,True,NEAR_MELT_REVIEW,172.07365212842308,REBOUND,25.54410243478586,0.3120392284472473,0.7125493288040161,0.8213285803794861,0.274111807346344,3.292078733444214,3.292078733444214,625.46142578125,680.6773681640625,457.0293884277344,1844.2757568359375,0.4230437340982365,0.9565745626742415,0.9565745626742415,9630139392.0,5.703026090486674e-06,0.018829997493163556,0.04672130846507875,0.009041125345019017,6.937197708619675e-05,1.0003256783196692,0.00032567831966923144,0.6734279485205487,7.999999951380232e-08,41,jobs/verification/CEL_P3/MMCELP3_INCONEL718_TI6AL4V_MID_EPD24_T080_DOM15_EBOT15.odb
MMCELP4_INCONEL718_TI6AL4V_V06,MMCELP4_INCONEL718_TI6AL4V_V06_EPD24_T080_DOM15_EBOT15,Inconel718,Ti6Al4V,Inconel718->Ti6Al4V,890.0,6,500.0,1150.0,False,PASS_CEL_P4_CASE,True,NEAR_MELT_REVIEW,181.9397083564696,REBOUND,27.24169049305159,0.35221721191192046,0.7604994177818298,0.9718366861343384,0.3204774260520935,3.743612051010132,3.743612051010132,655.237548828125,754.5037231445312,486.4515380859375,1885.7010498046875,0.4689271119605539,0.9780607104796097,0.9780607104796097,11775314944.0,6.637086244154489e-06,0.0221391113736076,0.05672090721361453,0.010705398833670115,0.00016471273557638186,1.0003840602225404,0.0003840602225404499,0.6734279485205487,7.999999951380232e-08,41,jobs/production/CEL_P4/MMCELP4_INCONEL718_TI6AL4V_V06_EPD24_T080_DOM15_EBOT15.odb
MMCELP4_INCONEL718_TI6AL4V_V07,MMCELP4_INCONEL718_TI6AL4V_V07_EPD24_T080_DOM15_EBOT15,Inconel718,Ti6Al4V,Inconel718->Ti6Al4V,955.0,7,500.0,1150.0,False,PASS_CEL_P4_CASE,True,NEAR_MELT_REVIEW,193.4685014373763,REBOUND,28.959277781567938,0.39234673749888316,0.8333325982093811,1.1395719051361084,0.36600396037101746,4.517406940460205,4.517406940460205,686.13671875,837.5016479492188,516.4082641601562,1916.6739501953125,0.5205106575197134,0.9941254928398924,0.9941254928398924,11744952320.0,7.641950105607975e-06,0.024424240637889984,0.06539582587742129,0.011409615094625123,0.0005454385543771772,1.0006217448630932,0.0006217448630931877,0.6734279485205487,7.999999951380232e-08,41,jobs/production/CEL_P4/MMCELP4_INCONEL718_TI6AL4V_V07_EPD24_T080_DOM15_EBOT15.odb
MMCELP4_INCONEL718_TI6AL4V_V08,MMCELP4_INCONEL718_TI6AL4V_V08_EPD24_T080_DOM15_EBOT15,Inconel718,Ti6Al4V,Inconel718->Ti6Al4V,1020.0,8,500.0,1150.0,False,PASS_CEL_P4_CASE,True,NEAR_MELT_REVIEW,202.48943781615736,REBOUND,30.898196867226318,0.4314097895985469,0.9145950675010681,1.327408790588379,0.41594913601875305,4.773203372955322,4.773203372955322,724.2314453125,944.4088134765625,548.7383422851562,1920.986328125,0.5869538927759866,0.9963622033843361,0.9963622033843361,17899638784.0,8.717617674847133e-06,0.026794495792660123,0.0756679114889859,0.011491147521895298,0.001064670851346493,1.0006219901233102,0.0006219901233102121,0.6734279485205487,7.999999951380232e-08,41,jobs/production/CEL_P4/MMCELP4_INCONEL718_TI6AL4V_V08_EPD24_T080_DOM15_EBOT15.odb
MMCELP4_INCONEL718_TI6AL4V_V09,MMCELP4_INCONEL718_TI6AL4V_V09_EPD24_T080_DOM15_EBOT15,Inconel718,Ti6Al4V,Inconel718->Ti6Al4V,1085.0,9,500.0,1150.0,False,PASS_CEL_P4_CASE,True,NEAR_MELT_REVIEW,210.670040623692,REBOUND,32.61029667907848,0.47158919187495485,1.0084296464920044,1.3937993049621582,0.46242251992225647,4.934659957885742,4.934659957885742,773.5914916992188,942.8836059570312,579.9461059570312,1922.873779296875,0.5860059701411008,0.9973411718344787,0.9973411718344787,12018502656.0,9.86408758762991e-06,0.0292700886428972,0.08631271338509135,0.011658954659577376,0.0015285350045856972,1.0005214462228964,0.0005214462228964045,0.6734279485205487,7.999999951380232e-08,41,jobs/production/CEL_P4/MMCELP4_INCONEL718_TI6AL4V_V09_EPD24_T080_DOM15_EBOT15.odb
MMCELP4_INCONEL718_TI6AL4V_V10,MMCELP3_INCONEL718_TI6AL4V_HIGH_EPD24_T080_DOM15_EBOT15,Inconel718,Ti6Al4V,Inconel718->Ti6Al4V,1150.0,10,500.0,1150.0,True,PASS_CEL_P4_CASE,True,PEEQ_MAX_REVIEW;NEAR_MELT_REVIEW,216.35016608831003,REBOUND,34.31058000296023,0.5093639265396632,1.1144793033599854,1.5073798894882202,0.5108830332756042,6.895310401916504,6.895310401916504,824.4357299804688,1031.7933349609375,612.7952270507812,1927.9344482421875,0.641263725892441,0.9999660001256159,0.9999660001256159,16359011328.0,1.108136166294571e-05,0.032765153257553685,0.10089053075740405,0.011809754400095959,0.0019320283852231508,1.0007581324829613,0.0007581324829613045,0.6734279485205487,7.999999951380232e-08,41,jobs/verification/CEL_P3/MMCELP3_INCONEL718_TI6AL4V_HIGH_EPD24_T080_DOM15_EBOT15.odb
MMCELP4_TI6AL4V_TI6AL4V_V00,MMCELP3_TI6AL4V_TI6AL4V_LOW_EPD24_T080_DOM15_EBOT15,Ti6Al4V,Ti6Al4V,Ti6Al4V->Ti6Al4V,500.0,0,500.0,1150.0,True,PASS_CEL_P4_CASE,True,,85.29434884584396,REBOUND,17.04523574545537,0.07242381343530724,0.512882649898529,0.5761573910713196,0.023927073925733566,0.3782600164413452,0.5761573910713196,623.2835083007812,663.1607666015625,310.4364013671875,525.1722412109375,0.34396305321657805,0.27239224129198003,0.34396305321657805,6963420672.0,1.1330714642099338e-06,0.016250307876228796,0.020895489718538364,0.007710134200735415,9.11042700410832e-05,0.9996589335643502,0.000341066435649795,0.6734279485205487,7.999999951380232e-08,41,jobs/verification/CEL_P3/MMCELP3_TI6AL4V_TI6AL4V_LOW_EPD24_T080_DOM15_EBOT15.odb
MMCELP4_TI6AL4V_TI6AL4V_V01,MMCELP4_TI6AL4V_TI6AL4V_V01_EPD24_T080_DOM15_EBOT15,Ti6Al4V,Ti6Al4V,Ti6Al4V->Ti6Al4V,565.0,1,500.0,1150.0,False,PASS_CEL_P4_CASE,True,,90.67398857115738,REBOUND,20.14153517025823,0.0856950555316871,0.582818865776062,0.6627429723739624,0.03553938493132591,0.5044043660163879,0.6627429723739624,672.3065795898438,723.3856811523438,316.6035461425781,610.9144897460938,0.3752000420914646,0.3168643619015009,0.3752000420914646,6705716736.0,1.446818941985839e-06,0.015929098459369368,0.0216100133796209,0.006793535172506325,0.00039445704559216255,0.9996491967232686,0.0003508032767314262,0.6734279485205487,7.999999951380232e-08,41,jobs/production/CEL_P4/MMCELP4_TI6AL4V_TI6AL4V_V01_EPD24_T080_DOM15_EBOT15.odb
MMCELP4_TI6AL4V_TI6AL4V_V02,MMCELP4_TI6AL4V_TI6AL4V_V02_EPD24_T080_DOM15_EBOT15,Ti6Al4V,Ti6Al4V,Ti6Al4V->Ti6Al4V,630.0,2,500.0,1150.0,False,PASS_CEL_P4_CASE,True,,97.08379274250285,REBOUND,22.922535011629982,0.1017550857795868,0.64458829164505,0.7455661296844482,0.048239849507808685,0.6723541617393494,0.7455661296844482,726.2245483398438,780.3802490234375,323.4870910644531,726.669189453125,0.4047615399499157,0.37690310656282416,0.4047615399499157,7745701888.0,1.7988643321587006e-06,0.016703594220016656,0.024257589119192055,0.0061974212098911486,0.0004828421046910386,0.9996209741600235,0.00037902583997651007,0.6734279485205487,7.999999951380232e-08,41,jobs/production/CEL_P4/MMCELP4_TI6AL4V_TI6AL4V_V02_EPD24_T080_DOM15_EBOT15.odb
MMCELP4_TI6AL4V_TI6AL4V_V03,MMCELP4_TI6AL4V_TI6AL4V_V03_EPD24_T080_DOM15_EBOT15,Ti6Al4V,Ti6Al4V,Ti6Al4V->Ti6Al4V,695.0,3,500.0,1150.0,False,PASS_CEL_P4_CASE,True,,107.24120577246474,REBOUND,25.242919957946413,0.11934441317862365,0.7204343676567078,0.8214468359947205,0.06299521028995514,0.9212472438812256,0.9212472438812256,777.6437377929688,843.3167114257812,331.6013488769531,900.1910400390625,0.4374049333121272,0.46690406641030213,0.46690406641030213,6879916032.0,2.189207407354843e-06,0.017479975296419006,0.027215088902476894,0.005755633679354718,0.000497702798311134,0.9997535890607301,0.0002464109392699143,0.6734279485205487,7.999999951380232e-08,41,jobs/production/CEL_P4/MMCELP4_TI6AL4V_TI6AL4V_V03_EPD24_T080_DOM15_EBOT15.odb
MMCELP4_TI6AL4V_TI6AL4V_V04,MMCELP4_TI6AL4V_TI6AL4V_V04_EPD24_T080_DOM15_EBOT15,Ti6Al4V,Ti6Al4V,Ti6Al4V->Ti6Al4V,760.0,4,500.0,1150.0,False,PASS_CEL_P4_CASE,True,,122.44707273115503,REBOUND,27.00444640128679,0.13786108866042923,0.7867133617401123,0.8876412510871887,0.0810173749923706,1.1808480024337769,1.1808480024337769,828.6925048828125,895.3693237304688,341.64324951171875,1074.137939453125,0.4644031762087493,0.5571254872682183,0.5571254872682183,7307118592.0,2.6178483949479414e-06,0.01770329534301289,0.028968547786851012,0.00614372069845522,0.00025717816749307914,0.9996998243745007,0.00030017562549933263,0.6734279485205487,7.999999951380232e-08,41,jobs/production/CEL_P4/MMCELP4_TI6AL4V_TI6AL4V_V04_EPD24_T080_DOM15_EBOT15.odb
MMCELP4_TI6AL4V_TI6AL4V_V05,MMCELP3_TI6AL4V_TI6AL4V_MID_EPD24_T080_DOM15_EBOT15,Ti6Al4V,Ti6Al4V,Ti6Al4V->Ti6Al4V,825.0,5,500.0,1150.0,True,PASS_CEL_P4_CASE,True,,141.05559194135768,REBOUND,28.47290050536442,0.1568954212416429,0.8462955951690674,0.9513611793518066,0.10228722542524338,1.560677170753479,1.560677170753479,867.688232421875,945.1976318359375,353.6552734375,1304.084228515625,0.49024773435473934,0.6763922347072744,0.6763922347072744,10485992448.0,3.0847870675643208e-06,0.018210336118446458,0.031244034272861237,0.006629645990808503,0.0001831645332728141,1.0000388154736024,3.881547360240489e-05,0.6734279485205487,7.999999951380232e-08,41,jobs/verification/CEL_P3/MMCELP3_TI6AL4V_TI6AL4V_MID_EPD24_T080_DOM15_EBOT15.odb
MMCELP4_TI6AL4V_TI6AL4V_V06,MMCELP4_TI6AL4V_TI6AL4V_V06_EPD24_T080_DOM15_EBOT15,Ti6Al4V,Ti6Al4V,Ti6Al4V->Ti6Al4V,890.0,6,500.0,1150.0,False,PASS_CEL_P4_CASE,True,,157.18767782435762,REBOUND,29.938133373791583,0.1774288284650538,0.9101993441581726,1.0297397375106812,0.1272137314081192,2.0153276920318604,2.0153276920318604,914.8989868164062,999.1552734375,368.03253173828125,1526.3358154296875,0.5182340629862552,0.7916679540610412,0.7916679540610412,13062705152.0,3.5900236525776563e-06,0.018535981909416827,0.0344191593019249,0.006047106674311728,0.0003334580819123786,1.0001081579106448,0.00010815791064477942,0.6734279485205487,7.999999951380232e-08,41,jobs/production/CEL_P4/MMCELP4_TI6AL4V_TI6AL4V_V06_EPD24_T080_DOM15_EBOT15.odb
MMCELP4_TI6AL4V_TI6AL4V_V07,MMCELP4_TI6AL4V_TI6AL4V_V07_EPD24_T080_DOM15_EBOT15,Ti6Al4V,Ti6Al4V,Ti6Al4V->Ti6Al4V,955.0,7,500.0,1150.0,False,PASS_CEL_P4_CASE,True,,170.2306314446482,REBOUND,31.48063364187899,0.19691025954671204,0.9698036313056946,1.1118812561035156,0.1562209278345108,2.5009303092956543,2.5009303092956543,953.9821166992188,1060.16259765625,385.0139465332031,1693.6983642578125,0.5498768660042791,0.8784742553204422,0.8784742553204422,12870937600.0,4.133557922614273e-06,0.018710843882520856,0.03677275823649284,0.0059085133854703455,0.0004608467302324916,0.9999756477481834,2.4352251816628367e-05,0.6734279485205487,7.999999951380232e-08,41,jobs/production/CEL_P4/MMCELP4_TI6AL4V_TI6AL4V_V07_EPD24_T080_DOM15_EBOT15.odb
MMCELP4_TI6AL4V_TI6AL4V_V08,MMCELP4_TI6AL4V_TI6AL4V_V08_EPD24_T080_DOM15_EBOT15,Ti6Al4V,Ti6Al4V,Ti6Al4V->Ti6Al4V,1020.0,8,500.0,1150.0,False,PASS_CEL_P4_CASE,True,,182.6187318186088,REBOUND,33.117244925027926,0.21884152374695987,1.0329302549362183,1.1923410892486572,0.18604333698749542,2.796290636062622,2.796290636062622,1003.7237548828125,1122.079833984375,402.86212158203125,1765.745361328125,0.5819916151371239,0.9158430297345047,0.9158430297345047,14642691072.0,4.715390332421521e-06,0.01984464481284382,0.04019782124423431,0.006484422488916998,0.0007150949060650753,0.9996724604213977,0.0003275395786023205,0.6734279485205487,7.999999951380232e-08,41,jobs/production/CEL_P4/MMCELP4_TI6AL4V_TI6AL4V_V08_EPD24_T080_DOM15_EBOT15.odb
MMCELP4_TI6AL4V_TI6AL4V_V09,MMCELP4_TI6AL4V_TI6AL4V_V09_EPD24_T080_DOM15_EBOT15,Ti6Al4V,Ti6Al4V,Ti6Al4V->Ti6Al4V,1085.0,9,500.0,1150.0,False,PASS_CEL_P4_CASE,True,,190.40004138669616,REBOUND,34.80175800244122,0.24082904928945936,1.0958409309387207,1.3023298978805542,0.2192915827035904,2.9883511066436768,2.9883511066436768,1047.0615234375,1204.4371337890625,423.0263977050781,1802.181640625,0.6247080569445345,0.9347415148469918,0.9347415148469918,13853271040.0,5.335520199878374e-06,0.020985302234641946,0.04359230820903747,0.0071252455861482815,0.000997022654096806,0.9997825183505187,0.00021748164948132143,0.6734279485205487,7.999999951380232e-08,41,jobs/production/CEL_P4/MMCELP4_TI6AL4V_TI6AL4V_V09_EPD24_T080_DOM15_EBOT15.odb
MMCELP4_TI6AL4V_TI6AL4V_V10,MMCELP3_TI6AL4V_TI6AL4V_HIGH_EPD24_T080_DOM15_EBOT15,Ti6Al4V,Ti6Al4V,Ti6Al4V->Ti6Al4V,1150.0,10,500.0,1150.0,True,PASS_CEL_P4_CASE,True,NEAR_MELT_REVIEW,200.1962698268956,REBOUND,36.517377642736996,0.264530553977238,1.1649948358535767,1.395338773727417,0.2522788345813751,3.2714574337005615,3.2714574337005615,1103.652099609375,1277.01123046875,443.59283447265625,1843.3641357421875,0.6623502232721732,0.9561017301567363,0.9561017301567363,15595612160.0,5.993947979732184e-06,0.021768572724440965,0.04616411539730035,0.007739138193484033,0.0013411900964362565,0.999992235534062,7.764465937976084e-06,0.6734279485205487,7.999999951380232e-08,41,jobs/verification/CEL_P3/MMCELP3_TI6AL4V_TI6AL4V_HIGH_EPD24_T080_DOM15_EBOT15.odb
